{"cameraMode":{"drawMode":0,"name":"Shaded","section":"Shading Mode"},"sceneLighting":true,"audioPlay":false,"sceneViewState":{"showFog":true,"showMaterialUpdate":true,"showSkybox":false,"showFlares":true,"showImageEffects":true,"showParticleSystems":true},"in2DMode":false,"pivot":{"x":94.79786682128906,"y":-171.1400146484375,"z":85.46430969238281},"rotation":{"x":0.42502260208129885,"y":-0.5468235015869141,"z":0.37844952940940859,"w":0.6141111850738525},"size":199.49461364746095,"orthographic":false}