{"cameraMode":{"drawMode":0,"name":"Shaded","section":"Shading Mode"},"sceneLighting":true,"audioPlay":false,"sceneViewState":{"showFog":true,"showMaterialUpdate":true,"showSkybox":false,"showFlares":true,"showImageEffects":true,"showParticleSystems":true},"in2DMode":false,"pivot":{"x":112.7198486328125,"y":-6.0959014892578129,"z":134.67041015625},"rotation":{"x":-0.1867039054632187,"y":0.007955839857459069,"z":-0.001506360829807818,"w":-0.9823965430259705},"size":114.61161041259766,"orthographic":false}