{"cameraMode":{"drawMode":0,"name":"Shaded","section":"Shading Mode"},"sceneLighting":true,"audioPlay":false,"sceneViewState":{"showFog":true,"showMaterialUpdate":true,"showSkybox":false,"showFlares":true,"showImageEffects":true,"showParticleSystems":true},"in2DMode":false,"pivot":{"x":112.7198486328125,"y":-6.0959014892578129,"z":134.67041015625},"rotation":{"x":-0.4203289747238159,"y":-0.004900538828223944,"z":0.0022747782059013845,"w":-0.9073671698570252},"size":132.6599578857422,"orthographic":false}