{"cameraMode":{"drawMode":0,"name":"Shaded","section":"Shading Mode"},"sceneLighting":true,"audioPlay":false,"sceneViewState":{"showFog":true,"showMaterialUpdate":true,"showSkybox":false,"showFlares":true,"showImageEffects":true,"showParticleSystems":true},"in2DMode":false,"pivot":{"x":8.005908966064454,"y":-4.055940628051758,"z":29.2047061920166},"rotation":{"x":-0.12858566641807557,"y":0.6608632206916809,"z":-0.1163758859038353,"w":-0.7301963567733765},"size":23.26830291748047,"orthographic":false}