{"cameraMode":{"drawMode":0,"name":"Shaded","section":"Shading Mode"},"sceneLighting":true,"audioPlay":false,"sceneViewState":{"showFog":false,"showMaterialUpdate":false,"showSkybox":false,"showFlares":false,"showImageEffects":false,"showParticleSystems":false},"in2DMode":false,"pivot":{"x":134.64427185058595,"y":-18.803913116455079,"z":192.07693481445313},"rotation":{"x":-0.4544288218021393,"y":0.44425323605537417,"z":-0.28057950735092165,"w":-0.7193323969841003},"size":58.927101135253909,"orthographic":false}