{"cameraMode":{"drawMode":0,"name":"Shaded","section":"Shading Mode"},"sceneLighting":true,"audioPlay":false,"sceneViewState":{"showFog":false,"showMaterialUpdate":false,"showSkybox":false,"showFlares":false,"showImageEffects":false,"showParticleSystems":false},"in2DMode":false,"pivot":{"x":176.0289306640625,"y":29.734146118164064,"z":82.98090362548828},"rotation":{"x":-0.21299441158771516,"y":0.08138620853424072,"z":-0.01780574396252632,"w":-0.9734990000724793},"size":9.603662490844727,"orthographic":false}