{"cameraMode":{"drawMode":0,"name":"Shaded","section":"Shading Mode"},"sceneLighting":true,"audioPlay":false,"sceneViewState":{"showFog":false,"showMaterialUpdate":false,"showSkybox":false,"showFlares":false,"showImageEffects":false,"showParticleSystems":false},"in2DMode":false,"pivot":{"x":97.35189056396485,"y":7.555037498474121,"z":129.4203338623047},"rotation":{"x":-0.030440678820014,"y":0.9420598149299622,"z":-0.32204538583755495,"w":-0.08900202810764313},"size":13.011164665222168,"orthographic":false}