{"cameraMode":{"drawMode":0,"name":"Shaded","section":"Shading Mode"},"sceneLighting":true,"audioPlay":false,"sceneViewState":{"showFog":false,"showMaterialUpdate":false,"showSkybox":false,"showFlares":false,"showImageEffects":false,"showParticleSystems":false},"in2DMode":false,"pivot":{"x":48.77151107788086,"y":21.185874938964845,"z":108.60816955566406},"rotation":{"x":-0.019401906058192254,"y":0.9806869029998779,"z":-0.13408660888671876,"w":-0.14126569032669068},"size":35.73587417602539,"orthographic":false}