{"cameraMode":{"drawMode":0,"name":"Shaded","section":"Shading Mode"},"sceneLighting":true,"audioPlay":false,"sceneViewState":{"showFog":false,"showMaterialUpdate":false,"showSkybox":false,"showFlares":false,"showImageEffects":false,"showParticleSystems":false},"in2DMode":false,"pivot":{"x":116.42183685302735,"y":11.3472900390625,"z":104.35636138916016},"rotation":{"x":0.12396559119224549,"y":-0.8759731650352478,"z":0.33512821793556216,"w":0.3240266442298889},"size":107.31159973144531,"orthographic":false}