{"cameraMode":{"drawMode":0,"name":"Shaded","section":"Shading Mode"},"sceneLighting":true,"audioPlay":false,"sceneViewState":{"showFog":false,"showMaterialUpdate":false,"showSkybox":false,"showFlares":false,"showImageEffects":false,"showParticleSystems":false},"in2DMode":false,"pivot":{"x":75.23973846435547,"y":8.293846130371094,"z":105.70884704589844},"rotation":{"x":-0.07469047605991364,"y":0.6811344027519226,"z":0.07009237259626389,"w":0.7250286340713501},"size":1.207395076751709,"orthographic":false}