{"cameraMode":{"drawMode":0,"name":"Shaded","section":"Shading Mode"},"sceneLighting":true,"audioPlay":false,"sceneViewState":{"showFog":false,"showMaterialUpdate":false,"showSkybox":false,"showFlares":false,"showImageEffects":false,"showParticleSystems":false},"in2DMode":false,"pivot":{"x":67.07545471191406,"y":8.772951126098633,"z":112.54308319091797},"rotation":{"x":0.00539856543764472,"y":-0.012313147075474263,"z":-0.00010991657472914085,"w":0.9999521374702454},"size":4.721911907196045,"orthographic":false}