{"cameraMode":{"drawMode":0,"name":"Shaded","section":"Shading Mode"},"sceneLighting":true,"audioPlay":false,"sceneViewState":{"showFog":false,"showMaterialUpdate":false,"showSkybox":false,"showFlares":false,"showImageEffects":false,"showParticleSystems":false},"in2DMode":false,"pivot":{"x":73.48722839355469,"y":9.565889358520508,"z":132.728759765625},"rotation":{"x":-0.001305898418650031,"y":-0.9983940720558167,"z":0.05036044120788574,"w":-0.026981253176927568},"size":1.4151055812835694,"orthographic":false}