{"cameraMode":{"drawMode":0,"name":"Shaded","section":"Shading Mode"},"sceneLighting":true,"audioPlay":false,"sceneViewState":{"showFog":false,"showMaterialUpdate":false,"showSkybox":false,"showFlares":false,"showImageEffects":false,"showParticleSystems":false},"in2DMode":false,"pivot":{"x":69.7099838256836,"y":3.8967819213867189,"z":125.8212890625},"rotation":{"x":0.2766757309436798,"y":0.1272016018629074,"z":-0.03703363984823227,"w":0.9518043398857117},"size":16.86398696899414,"orthographic":false}