{"cameraMode":{"drawMode":0,"name":"Shaded","section":"Shading Mode"},"sceneLighting":true,"audioPlay":false,"sceneViewState":{"showFog":false,"showMaterialUpdate":false,"showSkybox":false,"showFlares":false,"showImageEffects":false,"showParticleSystems":false},"in2DMode":false,"pivot":{"x":49.78367614746094,"y":13.652036666870118,"z":129.5782928466797},"rotation":{"x":-0.00848717987537384,"y":-0.991405189037323,"z":0.09937012940645218,"w":-0.08467663079500199},"size":14.05720043182373,"orthographic":false}