{"cameraMode":{"drawMode":0,"name":"Shaded","section":"Shading Mode"},"sceneLighting":true,"audioPlay":false,"sceneViewState":{"showFog":false,"showMaterialUpdate":false,"showSkybox":false,"showFlares":false,"showImageEffects":false,"showParticleSystems":false},"in2DMode":false,"pivot":{"x":71.918212890625,"y":11.9248046875,"z":131.38671875},"rotation":{"x":-0.0036657864693552257,"y":0.9738250374794006,"z":-0.015468657948076725,"w":-0.22687596082687379},"size":7.206715106964111,"orthographic":true}