{"cameraMode":{"drawMode":0,"name":"Shaded","section":"Shading Mode"},"sceneLighting":true,"audioPlay":false,"sceneViewState":{"showFog":false,"showMaterialUpdate":false,"showSkybox":false,"showFlares":false,"showImageEffects":false,"showParticleSystems":false},"in2DMode":false,"pivot":{"x":29.840431213378908,"y":23.87779998779297,"z":120.54052734375},"rotation":{"x":-0.22061875462532044,"y":0.6545196771621704,"z":-0.20847812294960023,"w":-0.6924699544906616},"size":194.85626220703126,"orthographic":false}