{"cameraMode":{"drawMode":0,"name":"Shaded","section":"Shading Mode"},"sceneLighting":true,"audioPlay":false,"sceneViewState":{"showFog":false,"showMaterialUpdate":false,"showSkybox":false,"showFlares":false,"showImageEffects":false,"showParticleSystems":false},"in2DMode":false,"pivot":{"x":106.47382354736328,"y":-20.195270538330079,"z":129.2713623046875},"rotation":{"x":-0.4544288218021393,"y":0.44425323605537417,"z":-0.28057950735092165,"w":-0.7193323969841003},"size":26.73178482055664,"orthographic":false}