{"cameraMode":{"drawMode":0,"name":"Shaded","section":"Shading Mode"},"sceneLighting":true,"audioPlay":false,"sceneViewState":{"showFog":false,"showMaterialUpdate":false,"showSkybox":false,"showFlares":false,"showImageEffects":false,"showParticleSystems":false},"in2DMode":false,"pivot":{"x":66.04383850097656,"y":12.199999809265137,"z":112.55470275878906},"rotation":{"x":0.00539856543764472,"y":-0.012313147075474263,"z":-0.00010991657472914085,"w":0.9999521374702454},"size":3.4320292472839357,"orthographic":false}