{"cameraMode":{"drawMode":0,"name":"Shaded","section":"Shading Mode"},"sceneLighting":true,"audioPlay":false,"sceneViewState":{"showFog":false,"showMaterialUpdate":false,"showSkybox":false,"showFlares":false,"showImageEffects":false,"showParticleSystems":false},"in2DMode":false,"pivot":{"x":91.47932434082031,"y":10.529010772705079,"z":142.39036560058595},"rotation":{"x":0.26722249388694765,"y":-0.6424158811569214,"z":0.25576961040496828,"w":0.6711845397949219},"size":70.82315063476563,"orthographic":false}